Title,Price,Original Price,Discount,Image URLs,Variants,Sizes,Description,Product Link
Summer Sweats | Blood Red,"1,500",N/A,N/A,https://cdn2.blanxer.com/uploads/65faa86cdc9b7600587d6a32/product_image-red-1673.webp,Blood Red,S;M;L;XL;XXL,"Stay cool and dry in our breathable Lycra cotton terry fabric, perfect for hot summer days.;Versatile for lounging, workouts, or daily outings, our sweats effortlessly suits any occasion.;Sweats are built tough for lasting wear, wash after wash.;Sleek and modern, our sweats effortlessly elevate your summer style. Pair with joggers, trousers, or jeans for a laid-back, fashionable look.;5 Sizes Available;S - M - L - XL - XXL;Color : Blood Red;Dip-wash or Machine Wash is preferred;Home Delivery All Over Nepal | Cash On Delivery",https://tntstore.online/product/summer-sweats-or-blood-red
Zipped Sweater | Dusty Pink,"2,500",N/A,N/A,https://cdn2.blanxer.com/uploads/65faa86cdc9b7600587d6a32/product_image-75-2191.webp,Dusty Pink,M;L;XL,"Sweater fleece material for ultimate style and comfort.;Versatile for any occasion.;Flattering, & comfortable.;Functional quarter-zip.;Durable quality for seasons of wear.;3 Sizes Available,M - L - XL.;Dip-wash or Machine Wash is preferred.;Home Delivery All Over Nepal | Cash On Delivery",https://tntstore.online/product/zipped-sweater-or-pink
Light Wt Polo T-Shirt | Black,"1,000","1,100",9% off,https://cdn2.blanxer.com/uploads/65faa86cdc9b7600587d6a32/product_image-76-7113.webp,Black,S;M;L;XL;XXL,Micro Pique Polyester;High Quality Polo Shirts;Half Sleeves T-shirt;Lint Proof;5 Sizes Available S - M - L - XL - XXL;Color : Black;Hand Wash is preferred;Home Delivery All Over Nepal |Cash On Delivery,https://tntstore.online/product/light-wt-polo-t-shirt-or-black
Light Wt Polo T-Shirt | Mint,"1,000","1,100",9% off,https://cdn2.blanxer.com/uploads/65faa86cdc9b7600587d6a32/product_image-72-9418.webp,Mint,S;M;L;XL;XXL,Micro Pique Polyester;High Quality Polo Shirts;Half Sleeves T-shirt;Lint Proof;Sizes Available S - M - L - XL - XXL;Color : Mint;Hand Wash is preferred;Home Delivery All Over Nepal | Cash On Delivery,https://tntstore.online/product/light-wt-polo-t-shirt-or-mint
Winter Sweats | Maroon | Regular fit,"2,200","2,400",8% off,https://cdn2.blanxer.com/uploads/65faa86cdc9b7600587d6a32/product_image-8-1713.webp,Maroon,L;XL;XXL,"Fabric: Velvet Fleece, Fleece inside;Available in Regular Fit;Perfect for layering;Keeps warm at all times;Bold printed logo;Sizes: M, L & XL;Dip-wash or Machine Wash is preferred;Home Delivery All Over Nepal | Cash On Delivery",https://tntstore.online/product/winter-sweats-or-maroon-or-regular-fit
Plain Hoodie | Grey,"2,800","3,000",7% off,https://cdn2.blanxer.com/uploads/65faa86cdc9b7600587d6a32/product_image-42-8663.webp,Grey,M;L;XL,"Velvet fleece fabric,;350 GSM fabric,;Double layered hood,;Kangaroo pockets,;DTF Logo in the front,;Durable quality for seasons of wear,;3 Sizes available,;M, L & XL;Dip-wash or Machine Wash is preferred;Home Delivery All Over Nepal | Cash On Delivery",https://tntstore.online/product/plain-hoodie-or-grey
Zipped Sweaters | Off White,"2,500",N/A,N/A,https://cdn2.blanxer.com/uploads/65faa86cdc9b7600587d6a32/product_image-78-9069.webp,Off White,M;L;XL,"Sweater fleece material for ultimate style and comfort.;Versatile for any occasion.;Flattering, & comfortable.;Functional quarter-zip.;Durable quality for seasons of wear.;3 Sizes Available,M - L - XL.;Dip-wash or Machine Wash is preferred.;Home Delivery All Over Nepal | Cash On Delivery",https://tntstore.online/product/zipped-sweaters-or-off-white
Jacquard Shirt | Black,"1,700",N/A,N/A,https://cdn2.blanxer.com/uploads/65faa86cdc9b7600587d6a32/product_image-133-3047.webp,Black,M;L;XL;XXL,"Premium 290 GSM cotton Jacquard;Revered Collars;Tonal Buttons;Relaxed fit and soft material;Casual Unisex wear;Available in 4 sizes;M, L, XL & XXL;Dip-wash or Machine Wash is preferred;Home Delivery All Over Nepal | Cash On Delivery",https://tntstore.online/product/jacquard-shirt-or-black
Regular Blank T-shirt  | Maroon,850,N/A,N/A,https://cdn2.blanxer.com/uploads/65faa86cdc9b7600587d6a32/product_image-117-1519.webp,Maroon,M;L;XL;XXL,Bio-washed High Quality Cotton T-Shirt ( 200 GSM );Half Sleeves T-shirt;Round Neck with Lycra Rib;Anti Color Fade;Lint Proof;6 Sizes AvailableXS - S- M - L - XL - XXL;Color : Maroon;Dip-wash or Machine Wash is preferred;Home Delivery All Over Nepal | Cash On Delivery,https://tntstore.online/product/regular-blank-t-shirt-or-maroon
Cargo pant | Beige,"2,600","2,800",7% off,https://cdn2.blanxer.com/uploads/65faa86cdc9b7600587d6a32/product_image-26-6560.webp,Beige,29;30;31;32;34;36,"Slim fit,;Cotton Twill fabric;Features a sleek logo,;Adjustable Waist,;Innovative design to keeps your look smooth, even when seated,;Sizes 29 - 36;Dip-wash or Machine Wash is preferred;Home Delivery All Over Nepal | Cash On Delivery",https://tntstore.online/product/cargo-pant-or-beige
Jacquard Shirt | Sand Beige,"1,700",N/A,N/A,https://cdn2.blanxer.com/uploads/65faa86cdc9b7600587d6a32/product_image-135-1-9784.webp,Sand Beige,M;L;XL;XXL,"Premium 290 GSM cotton Jacquard;Revered Collars;Tonal Buttons;Relaxed fit and soft material;Casual Unisex wear;Available in 4 sizes;M, L, XL & XXL;Dip-wash or Machine Wash is preferred;Home Delivery All Over Nepal | Cash On Delivery",https://tntstore.online/product/jacquard-shirt-or-sand-beige
Sport T-shirt | Sleeveless | Grey,800,N/A,N/A,https://cdn2.blanxer.com/uploads/65faa86cdc9b7600587d6a32/product_image-153-6082.webp,Grey,S;M;L;XL;XXL,"Stay cool, dry, and comfortable with our Sleeveless sport T-shirt.;Stay fresh with moisture-wicking fabric.;Move freely with breathable, stretchy material.;5 Sizes Available;S - M - L - XL- XXL;Color : Grey;Dip-wash or Machine Wash is preferred.;Home Delivery All Over Nepal |Cash On Delivery",https://tntstore.online/product/sport-t-shirt-or-sleeveless-or-off-white
Zipped Hoodie | Black,"2,600",N/A,7% off,https://cdn2.blanxer.com/uploads/65faa86cdc9b7600587d6a32/product_image-68-8681.webp,Black,M;L;XL,"Luxurious anti pilling fabric for unbeatable comfort.;Versatile fashion for any occasion.;Flattering, comfortable fit.;Functional quarter-zip design.;Hood design.;Durable quality for seasons of wear.;3 Sizes AvailableM - L - XL.;Dip-wash or Machine Wash is preferred.;Home Delivery All Over Nepal | Cash On Delivery",https://tntstore.online/product/zipped-hoodie-or-black
Light Wt Polo T-Shirt | Coastal blue,"1,000","1,100",9% off,https://cdn2.blanxer.com/uploads/65faa86cdc9b7600587d6a32/product_image-polo-tshirt-munsell-blue-the-northern-trail-7162.webp,Coastal Blue,M;L;XL;XXL,Micro Pique Polyester;High Quality Polo Shirts;Half Sleeves T-shirt;Lint Proof;Sizes Available M - L - XL - XXL;Color : Coastal Blue;Hand Wash is preferred;Home Delivery All Over Nepal |Cash On Delivery,https://tntstore.online/product/light-wt-polo-t-shirt-or-munsell-blue
Tank Top | Ultra-cool | Grey,750,N/A,N/A,https://cdn2.blanxer.com/uploads/65faa86cdc9b7600587d6a32/product_image-tank-top-grey-the-northern-trail-3014.webp,Grey,M;L;XL,Luxurious Tencel fabric For Unbeatable Comfort.;Versatile Fashion For Any Occasion.;Sleeveless and Comfortable Fit.;Durable Quality for Seasons of Wear.;3 Sizes AvailableM - L - XL.;Color: Grey;Dip-wash or Machine Wash is preferred.;Home Delivery All Over Nepal | Cash On Delivery,https://tntstore.online/product/tank-top-or-ultra-cool-or-grey
Winter Sweats | Navy Blue,"2,200","2,400",8% off,https://cdn2.blanxer.com/uploads/65faa86cdc9b7600587d6a32/product_image-navy-1704.webp,Navy,M;L;XL,"Fabric: Velvet Fleece, Fleece inside;Fits Oversized;Perfect for layering;Keeps warm at all times;Bold printed logo;Sizes: M, L & XL;Dip-wash or Machine Wash is preferred;Home Delivery All Over Nepal | Cash On Delivery",https://tntstore.online/product/winter-sweats-or-navy-blue
Regular Blank T-shirt  | Navy Blue,850,N/A,N/A,https://cdn2.blanxer.com/uploads/65faa86cdc9b7600587d6a32/product_image-110-7419.webp,Navy Blue,M;L;XL;XXL,Bio-washed High Quality Cotton T-Shirt ( 200 GSM );Half Sleeves T-shirt;Round Neck with Lycra Rib;Anti Color Fade;Lint Proof;6 Sizes AvailableXS - S - M - L - XL - XXL;Color : Navy Blue;Dip-wash or Machine Wash is preferred;Home Delivery All Over Nepal | Cash On Delivery,https://tntstore.online/product/regular-blank-t-shirt-or-navy-blue
Light Wt Polo T-Shirt | Navy Blue,"1,000","1,100",9% off,https://cdn2.blanxer.com/uploads/65faa86cdc9b7600587d6a32/product_image-polo-tshirt-navy-blue-the-northern-trail-5348.webp,Navy Blue,M;L;XL;XXL,Micro Pique Polyester;High Quality Polo Shirts;Half Sleeves T-shirt;Lint Proof;Sizes Available M - L - XL - XXL;Color : Navy Blue;Hand Wash is preferred;Home Delivery All Over Nepal |Cash On Delivery,https://tntstore.online/product/light-wt-polo-t-shirt-or-navy-blue
Regular Blank T-shirt  | Army Green,850,N/A,N/A,https://cdn2.blanxer.com/uploads/65faa86cdc9b7600587d6a32/product_image-108-2308.webp,Army Green,M;L;XL;XXL,Bio-washed High Quality Cotton T-Shirt ( 200 GSM );Half Sleeves T-shirt;Round Neck with Lycra Rib;Anti Color Fade;Lint Proof;6 Sizes AvailableXS - S - M - L - XL - XXL;Color : Army Green;Dip-wash or Machine Wash is preferred;Home Delivery All Over Nepal | Cash On Delivery,https://tntstore.online/product/regular-blank-t-shirt-or-army-green
Summer Sweats | White,"1,500",N/A,N/A,https://cdn2.blanxer.com/uploads/65faa86cdc9b7600587d6a32/product_image-white-1855.webp,White,S;M;L;XL;XXL,"Stay cool and dry in our breathable Lycra cotton terry fabric, perfect for hot summer days.;Versatile for lounging, workouts, or daily outings, our sweats effortlessly suits any occasion.;Sweats are built tough for lasting wear, wash after wash.;Sleek and modern, our sweats effortlessly elevate your summer style. Pair with joggers, trousers, or jeans for a laid-back, fashionable look.;5 Sizes Available;S - M - L - XL - XXL;Color : White;Dip-wash or Machine Wash is preferred;Home Delivery All Over Nepal | Cash On Delivery",https://tntstore.online/product/summer-sweats-or-white
Cardigan | Blue,"2,500",N/A,4% off,https://cdn2.blanxer.com/uploads/65faa86cdc9b7600587d6a32/product_image-48-2127.webp,Blue,S;M;L;XL,"Premium Waffle Fabric;Unisex Outerwear;Sewn on Patch pocket;Color Matching Buttons;Relaxed fit and soft material, suitable for casual or semi-formal wear;Available in 3 sizes;S, M, L & XL;Dip-wash or Machine Wash is preferred;Home Delivery All Over Nepal | Cash On Deliver",https://tntstore.online/product/cardigan-or-blue
Zipped Hoodie | White,"2,600",N/A,7% off,https://cdn2.blanxer.com/uploads/65faa86cdc9b7600587d6a32/product_image-70-0172.webp,White,M;L;XL,"Luxurious anti pilling fabric for unbeatable comfort.;Versatile fashion for any occasion.;Flattering, comfortable fit.;Functional quarter-zip design.;Hood design.;Durable quality for seasons of wear.;3 Sizes AvailableM - L - XL.;Dip-wash or Machine Wash is preferred.;Home Delivery All Over Nepal | Cash On Delivery",https://tntstore.online/product/zipped-hoodie-or-white
Summer Sweats | Baby Pink,"1,500",N/A,N/A,https://cdn2.blanxer.com/uploads/65faa86cdc9b7600587d6a32/product_image-baby-pink-5417.webp,Baby Pink,S;M;L;XL;XXL,"Stay cool and dry in our breathable Lycra cotton terry fabric, perfect for hot summer days.;Versatile for lounging, workouts, or daily outings, our sweats effortlessly suits any occasion.;Sweats are built tough for lasting wear, wash after wash.;Sleek and modern, our sweats effortlessly elevate your summer style. Pair with joggers, trousers, or jeans for a laid-back, fashionable look.;5 Sizes Available;S - M - L - XL - XXL;Color : Baby Pink;Dip-wash or Machine Wash is preferred;Home Delivery All Over Nepal | Cash On Delivery",https://tntstore.online/product/summer-sweats-or-baby-pink
Sport T-shirt | Sleeveless | Coastal Blue,800,N/A,N/A,https://cdn2.blanxer.com/uploads/65faa86cdc9b7600587d6a32/product_image-154-8031.webp,Coastal Blue,S;M;L;XL;XXL,"Stay cool, dry, and comfortable with our Sleeveless sport T-shirt.;Stay fresh with moisture-wicking fabric.;Move freely with breathable, stretchy material.;5 Sizes Available;S - M - L - XL- XXL;Color : Coastal Blue;Dip-wash or Machine Wash is preferred.;Home Delivery All Over Nepal |Cash On Delivery",https://tntstore.online/product/sport-t-shirt-or-sleeveless-or-coastal-blue
Jacquard Shirt | White,"1,700",N/A,N/A,https://cdn2.blanxer.com/uploads/65faa86cdc9b7600587d6a32/product_image-132-6935.webp,White,M;L;XL;XXL,"Premium 290 GSM cotton Jacquard;Revered Collars;Tonal Buttons;Relaxed fit and soft material;Casual Unisex wear;Available in 4 sizes;M, L, XL & XXL;Dip-wash or Machine Wash is preferred;Home Delivery All Over Nepal | Cash On Delivery",https://tntstore.online/product/jacquard-shirt-or-white
Oversized T-shirt | Ultra-cool | Dusty Pink,"1,000",N/A,N/A,https://cdn2.blanxer.com/bulk/65faa86cdc9b7600587d6a32/ultracool_edition_or_the_northern_trail/65fbd7fbdc9b76005880969a.webp,Dusty Pink,M;L;XL,"Luxurious Tencel fabric For Unbeatable Comfort.;Versatile Fashion For Any Occasion.;Round Neck, Oversize and Comfortable Fit.;Durable Quality For Seasons of Wear.;3 Sizes AvailableM - L - XL.;Color: Dusty Pink;Dip-wash or Machine Wash is preferred.;Home Delivery All Over Nepal | Cash On Delivery",https://tntstore.online/product/oversized-t-shirt-or-ultra-cool-or-dusty-pink-tov
Zipped Hoodie | Beige,"2,600",N/A,7% off,https://cdn2.blanxer.com/uploads/65faa86cdc9b7600587d6a32/product_image-71-4277.webp,Beige,M;L;XL,"Luxurious anti pilling fabric for unbeatable comfort.;Versatile fashion for any occasion.;Flattering, comfortable fit.;Functional quarter-zip design.;Hood design.;Durable quality for seasons of wear.;3 Sizes AvailableM - L - XL.;Dip-wash or Machine Wash is preferred.;Home Delivery All Over Nepal | Cash On Delivery",https://tntstore.online/product/zipped-hoodie-or-beige
Winter Sweats | Blue,"2,200","2,400",8% off,https://cdn2.blanxer.com/uploads/65faa86cdc9b7600587d6a32/product_image-36-7125.webp,Blue,M;L;XL,"Fabric: Velvet Fleece, Fleece inside;Fits Oversized;Perfect for layering;Keeps warm at all times;Bold printed logo;Sizes: M, L & XL;Dip-wash or Machine Wash is preferred;Home Delivery All Over Nepal | Cash On Delivery",https://tntstore.online/product/winter-sweats-or-blue
Summer Sweats | Dark Grey,"1,500",N/A,N/A,https://cdn2.blanxer.com/uploads/65faa86cdc9b7600587d6a32/product_image-pastal-blue-8759.webp,Dark Grey,S;M;L;XL;XXL,"Stay cool and dry in our breathable Lycra cotton terry fabric, perfect for hot summer days.;Versatile for lounging, workouts, or daily outings, our sweats effortlessly suits any occasion.;Sweats are built tough for lasting wear, wash after wash.;Sleek and modern, our sweats effortlessly elevate your summer style. Pair with joggers, trousers, or jeans for a laid-back, fashionable look.;5 Sizes Available;S - M - L - XL - XXL;Color : Dark Grey;Dip-wash or Machine Wash is preferred;Home Delivery All Over Nepal | Cash On Delivery",https://tntstore.online/product/summer-sweats-or-dark-grey
Oversized T-shirt | Ultra-cool | Brown,"1,000",N/A,N/A,https://cdn2.blanxer.com/uploads/65faa86cdc9b7600587d6a32/product_image-brown-2729.webp,Brown,M;L;XL,"Luxurious Tencel fabric For Unbeatable Comfort.;Versatile Fashion For Any Occasion.;Round Neck, Oversize and Comfortable Fit.;Durable Quality For Seasons of Wear.;3 Sizes AvailableM - L - XL.;Color: Brown;Dip-wash or Machine Wash is preferred.;Home Delivery All Over Nepal | Cash On Delivery",https://tntstore.online/product/oversized-t-shirt-or-ultra-cool-or-brown
Plain Hoodie | Beige,"2,800",N/A,7% off,https://cdn2.blanxer.com/uploads/65faa86cdc9b7600587d6a32/product_image-44-8168.webp,Beige,M;L;XL,"Velvet fleece fabric,;350 GSM fabric,;Double layered hood,;Kangaroo pockets,;DTF Logo in the front,;Durable quality for seasons of wear,;3 Sizes available,;M, L & XL;Dip-wash or Machine Wash is preferred;Home Delivery All Over Nepal | Cash On Delivery",https://tntstore.online/product/plain-hoodie-or-beige
Zipped Sweater | Sand Beige,"2,500",N/A,N/A,https://cdn2.blanxer.com/uploads/65faa86cdc9b7600587d6a32/product_image-79-5143.webp,Sand Beige,M;L;XL,"Sweater fleece material for ultimate style and comfort.;Versatile for any occasion.;Flattering, & comfortable.;Functional quarter-zip.;Durable quality for seasons of wear.;3 Sizes Available,M - L - XL.;Dip-wash or Machine Wash is preferred.;Home Delivery All Over Nepal | Cash On Delivery",https://tntstore.online/product/zipped-sweater-or-sand-beige
Cardigan | Black,"2,500",N/A,4% off,https://cdn2.blanxer.com/uploads/65faa86cdc9b7600587d6a32/product_image-46-5136.webp,Black,S;M;L;XL,"Premium Waffle Fabric;Unisex Outerwear;Sewn on Patch pocket;Color Matching Buttons;Relaxed fit and soft material, suitable for casual or semi-formal wear;Available in 4 sizes;S, M, L & XL;Dip-wash or Machine Wash is preferred;Home Delivery All Over Nepal | Cash On Deliver",https://tntstore.online/product/cardigan-or-black
Cardigan | Beige,"2,500",N/A,4% off,https://cdn2.blanxer.com/uploads/65faa86cdc9b7600587d6a32/product_image-43-2058.webp,Beige,S;M;L;XL,"Premium Waffle Fabric;Unisex Outerwear;Sewn on Patch pocket;Color Matching Buttons;Relaxed fit and soft material, suitable for casual or semi-formal wear;Available in 4 sizes;S, M, L & XL;Dip-wash or Machine Wash is preferred;Home Delivery All Over Nepal | Cash On Deliver",https://tntstore.online/product/cardigan-or-beige
Oversized T-shirt | Ultra-cool | Grey,"1,000",N/A,N/A,https://cdn2.blanxer.com/uploads/65faa86cdc9b7600587d6a32/product_image-grey-9133.webp,Grey,M;L;XL,"Luxurious Tencel fabric For Unbeatable Comfort.;Versatile Fashion For Any Occasion.;Round Neck, Oversize and Comfortable Fit.;Durable Quality For Seasons of Wear.;3 Sizes AvailableM - L - XL.;Color: Grey;Dip-wash or Machine Wash is preferred.;Home Delivery All Over Nepal | Cash On Delivery",https://tntstore.online/product/oversized-t-shirt-or-ultra-cool-or-grey
Summer Shorts | Black,"1,400",N/A,N/A,https://cdn2.blanxer.com/uploads/65faa86cdc9b7600587d6a32/product_image-111-0408.webp,Black,M;L;XL,"Breathable and soft material keeps you cool in summer heat.;Perfect for various activities like lounging, running errands, or casual outings.;Adjustable drawstring for a customized and comfortable fit.;Timeless mid-thigh length design for a relaxed and casual look.;3 Sizes Available;M - L - XL;Color : Black;Dip-wash or Machine Wash is preferred;Home Delivery All Over Nepal | Cash On Delivery",https://tntstore.online/product/summer-shorts-or-black
Zipped Sweater | Black,"2,500",N/A,N/A,https://cdn2.blanxer.com/uploads/65faa86cdc9b7600587d6a32/product_image-76-4602.webp,Black,M;L;XL,"Sweater fleece material for ultimate style and comfort.;Versatile for any occasion.;Flattering, & comfortable.;Functional quarter-zip.;Durable quality for seasons of wear.;3 Sizes Available,M - L - XL.;Dip-wash or Machine Wash is preferred.;Home Delivery All Over Nepal | Cash On Delivery",https://tntstore.online/product/zipped-sweaters-or-black
Winter Sweats | Black | Regular fit,"2,200","2,400",8% off,https://cdn2.blanxer.com/uploads/65faa86cdc9b7600587d6a32/product_image-7-1391.webp,Black,L;XL;XXL,"Fabric: Velvet Fleece, Fleece inside;Available in Regular Fit;Perfect for layering;Keeps warm at all times;Bold printed logo;Sizes: M, L & XL;Dip-wash or Machine Wash is preferred;Home Delivery All Over Nepal | Cash On Delivery",https://tntstore.online/product/winter-sweats-or-black-or-regular-fit
Regular Blank T-shirt  | Beige,850,N/A,N/A,https://cdn2.blanxer.com/uploads/65faa86cdc9b7600587d6a32/product_image-112-7952.webp,Beige,M;L;XL;XXL,Bio-washed High Quality Cotton T-Shirt ( 200 GSM );Half Sleeves T-shirt;Round Neck with Lycra Rib;Anti Color Fade;Lint Proof;6 Sizes AvailableXS - S - M - L - XL - XXL;Color : Beige;Dip-wash or Machine Wash is preferred;Home Delivery All Over Nepal | Cash On Delivery,https://tntstore.online/product/regular-blank-t-shirt-or-beige
Zipped Sweater | Coffee Brown,"2,500",N/A,N/A,https://cdn2.blanxer.com/uploads/65faa86cdc9b7600587d6a32/product_image-77-9481.webp,Coffee Brown,M;L;XL,"Sweater fleece material for ultimate style and comfort.;Versatile for any occasion.;Flattering, & comfortable.;Functional quarter-zip.;Durable quality for seasons of wear.;3 Sizes Available,M - L - XL.;Dip-wash or Machine Wash is preferred.;Home Delivery All Over Nepal | Cash On Delivery",https://tntstore.online/product/zipped-sweater-or-coffee-brown
Light Wt Polo T-Shirt | Sky Blue,"1,000","1,100",9% off,https://cdn2.blanxer.com/uploads/65faa86cdc9b7600587d6a32/product_image-polo-tshirt-sky-blue-the-northern-trail-4289.webp,Sky Blue,M;L;XL,Micro Pique Polyester;High Quality Polo Shirts;Half Sleeves T-shirt;Lint Proof;Sizes Available M - L - XL - XXL;Color : Sky Blue;Hand Wash is preferred;Home Delivery All Over Nepal |Cash On Delivery,https://tntstore.online/product/light-wt-polo-t-shirt-or-sky-blue
Light Wt Polo T-Shirt | Dusty Pink,"1,000","1,100",9% off,https://cdn2.blanxer.com/uploads/65faa86cdc9b7600587d6a32/product_image-polo-tshirt-spanish-pink-0386.webp,Dusty Pink,M;L;XL;XXL,Micro Pique Polyester;High Quality Polo Shirts;Half Sleeves T-shirt;Lint Proof;Sizes Available M - L - XL - XXL;Color : Dusty Pink;Hand Wash is preferred;Home Delivery All Over Nepal |Cash On Delivery,https://tntstore.online/product/light-wt-polo-t-shirt-or-spanish-pink
Zipped Hoodie | Forest Green,"2,600",N/A,7% off,https://cdn2.blanxer.com/uploads/65faa86cdc9b7600587d6a32/product_image-69-4713.webp,Forest Green,M;L;XL,"Luxurious anti pilling fabric for unbeatable comfort.;Versatile fashion for any occasion.;Flattering, comfortable fit.;Functional quarter-zip design.;Hoodie design;Durable quality for seasons of wear.;3 Sizes Available;M - L - XL.;Dip-wash or Machine Wash is preferred.;Home Delivery All Over Nepal | Cash On Delivery",https://tntstore.online/product/zipped-hoodie-or-forest-green
Cardigan | Coffee Brown,"2,500",N/A,4% off,https://cdn2.blanxer.com/uploads/65faa86cdc9b7600587d6a32/product_image-44-9870.webp,Coffee Brown,S;M;L;XL,"Premium Waffle Fabric;Unisex Outerwear;Sewn on Patch pocket;Color Matching Buttons;Relaxed fit and soft material, suitable for casual or semi-formal wear;Available in 3 sizes;S, M, L & XL;Dip-wash or Machine Wash is preferred;Home Delivery All Over Nepal | Cash On Deliver",https://tntstore.online/product/cardigan-or-coffee-brown
Summer Sweats | Pastel Blue,"1,500",N/A,N/A,https://cdn2.blanxer.com/uploads/65faa86cdc9b7600587d6a32/product_image-website-(4)-7444.webp,Pastel Blue,S;M;L;XL;XXL,"Stay cool and dry in our breathable Lycra cotton terry fabric, perfect for hot summer days.;Versatile for lounging, workouts, or daily outings, our sweats effortlessly suits any occasion.;Sweats are built tough for lasting wear, wash after wash.;Sleek and modern, our sweats effortlessly elevate your summer style. Pair with joggers, trousers, or jeans for a laid-back, fashionable look.;5 Sizes Available;S - M - L - XL - XXL;Color : Pastel Blue;Dip-wash or Machine Wash is preferred;Home Delivery All Over Nepal | Cash On Delivery",https://tntstore.online/product/summer-sweats-or-pastel-blue
Cargo Pants | Black,"2,600","2,800",7% off,https://cdn2.blanxer.com/uploads/65faa86cdc9b7600587d6a32/product_image-24-0855.webp,Black,29;30;31;32;34;36,"Slim fit,;Cotton Twill fabric;Features a sleek logo,;Adjustable Waist,;Innovative design to keeps your look smooth, even when seated,;Sizes 29 - 36;Dip-wash or Machine Wash is preferred;Home Delivery All Over Nepal | Cash On Delivery",https://tntstore.online/product/cargo-pants-or-black
Half Zipper | Maroon and Navy Blue,"2,500",N/A,N/A,https://cdn2.blanxer.com/uploads/65faa86cdc9b7600587d6a32/product_image-59-3179.webp,Maroon and navy blue,M;L;XL;XXL,"Luxurious velvet fleece for unbeatable comfort.;Versatile fashion for any occasion.;Flattering, comfortable fit.;Functional quarter-zip design.;Durable quality for seasons of wear.;4 Sizes AvailableM - L - XL - XXL.;Stylish contrast:Maroon body, Navy Blue sleeves.;Dip-wash or Machine Wash is preferred.;Home Delivery All Over Nepal | Cash On Delivery",https://tntstore.online/product/half-zipper-or-turtle-neck-or-maroon-and-navy-blue
Heavy Wt Polo Tshirt | Cool Blue,"1,100",N/A,N/A,https://cdn2.blanxer.com/uploads/65faa86cdc9b7600587d6a32/product_image-123-9433.webp,Cool Blue,M;L;XL,"300 GSM Glander Pique Cotton Fabric;Half sleeved Tshirt;Anti Color Fade;Lint Proof;3 Sizes AvailableM, L & XL;Dip-wash or Machine Wash is preferred;Home Delivery All Over Nepal | Cash On Delivery",https://tntstore.online/product/heavy-wt-polo-or-cool-blue
Summer Sweats | Black,"1,500",N/A,N/A,https://cdn2.blanxer.com/uploads/65faa86cdc9b7600587d6a32/product_image-black-1209.webp,Black,S;M;L;XL;XXL,"Stay cool and dry in our breathable Lycra cotton terry fabric, perfect for hot summer days.;Versatile for lounging, workouts, or daily outings, our sweats effortlessly suits any occasion.;Sweats are built tough for lasting wear, wash after wash.;Sleek and modern, our sweats effortlessly elevate your summer style. Pair with joggers, trousers, or jeans for a laid-back, fashionable look.;5 Sizes Available;S - M - L - XL - XXL;Color : Black;Dip-wash or Machine Wash is preferred;Home Delivery All Over Nepal | Cash On Delivery",https://tntstore.online/product/summer-sweats-or-black
Winter Sweats | Brown,"2,200","2,400",8% off,https://cdn2.blanxer.com/uploads/65faa86cdc9b7600587d6a32/product_image-35-4347.webp,Brown,M;L;XL,"Fabric: Velvet Fleece, Fleece inside;Fits Oversized;Perfect for layering;Keeps warm at all times;Bold printed logo;Sizes: M, L & XL;Dip-wash or Machine Wash is preferred;Home Delivery All Over Nepal | Cash On Delivery",https://tntstore.online/product/winter-sweats-or-brown
Cargo Pants | Grey,"2,600","2,800",7% off,https://cdn2.blanxer.com/uploads/65faa86cdc9b7600587d6a32/product_image-25-4741.webp,Grey,29;30;31;32;34;36,"Slim fit,;Cotton Twill fabric;Features a sleek logo,;Adjustable Waist,;Innovative design to keeps your look smooth, even when seated,;Sizes 29 - 36;Dip-wash or Machine Wash is preferred;Home Delivery All Over Nepal | Cash On Delivery",https://tntstore.online/product/cargo-pants-or-grey
Winter Sweats | Maroon,"2,200","2,400",8% off,https://cdn2.blanxer.com/uploads/65faa86cdc9b7600587d6a32/product_image-maroon-6727.webp,Maroon,M;L;XL,"Fabric: Velvet Fleece, Fleece inside;Available in both Oversized Fit;Perfect for layering;Keeps warm at all times;Bold printed logo;Sizes: M, L & XL;Dip-wash or Machine Wash is preferred;Home Delivery All Over Nepal | Cash On Delivery",https://tntstore.online/product/winter-sweats-or-maroon
Summer Shorts (New) | Beige,"1,400",N/A,N/A,https://cdn2.blanxer.com/uploads/65faa86cdc9b7600587d6a32/product_image-101-2551.webp,Beige,M;L;XL,"Breathable and soft material to keep you cool in summer heat,;Adjustable drawstring for a customized and comfortable fit,;Timeless mid-thigh length design for a relaxed fit and casual look,;Pocket with zipper,;3 Sizes Available;M - L - XL;Dip-wash or Machine Wash is preferred;Home Delivery All Over Nepal | Cash On Delivery",https://tntstore.online/product/summer-shorts
Shadow Trouser | Phantom,"1,000",N/A,N/A,https://cdn2.blanxer.com/uploads/65faa86cdc9b7600587d6a32/product_image-115-3075.webp,Phantom,M;L;XL,"Made with 150 GSM polyfiber Roma;Unique Texture and Feel;Ideal for Lounging and Gym wear;Unisex Design;Available in 3 sizes;M, L & XL;Dip wash or Machine Wash is preferred;Home Delivery All Over Nepal | Cash On Delivery",https://tntstore.online/product/shadow-trouser-or-phantom
Winter Sweats | Coastal Blue,"2,200","2,400",8% off,https://cdn2.blanxer.com/uploads/65faa86cdc9b7600587d6a32/product_image-coastal-0767.webp,Coastal blue,M;L;XL,"Fabric: Velvet Fleece, Fleece inside;Fits Oversized;Perfect for layering;Keeps warm at all times;Bold printed logo;Sizes: M, L & XL;Dip-wash or Machine Wash is preferred;Home Delivery All Over Nepal | Cash On Delivery",https://tntstore.online/product/winter-sweats-or-coastal-blue
Summer Shorts | Off White,"1,400",N/A,N/A,https://cdn2.blanxer.com/uploads/65faa86cdc9b7600587d6a32/product_image-110-6858.webp,Off-White,M;L;XL,"Breathable and soft material keeps you cool in summer heat.;Perfect for various activities like lounging, running errands, or casual outings.;Adjustable drawstring for a customized and comfortable fit.;Timeless mid-thigh length design for a relaxed and casual look.;3 Sizes Available;M - L - XL;Color : Off-White;Dip-wash or Machine Wash is preferred;Home Delivery All Over Nepal | Cash On Delivery",https://tntstore.online/product/summer-shorts-or-off-white
Winter Sweats | Black,"2,200","2,400",8% off,https://cdn2.blanxer.com/uploads/65faa86cdc9b7600587d6a32/product_image-black-4629.webp,Black,M;L;XL,"Fabric: Velvet Fleece, Fleece inside;Available in both Oversized Fit;Perfect for layering;Keeps warm at all times;Bold printed logo;Sizes: M, L & XL;Dip-wash or Machine Wash is preferred;Home Delivery All Over Nepal | Cash On Delivery",https://tntstore.online/product/winter-sweats
Oversized T-shirt | Ultra-cool | Pastel Blue,"1,000",N/A,N/A,https://cdn2.blanxer.com/bulk/65faa86cdc9b7600587d6a32/ultracool_edition_or_the_northern_trail/65fbd7fcdc9b7600588096a1.webp,Pastel Blue,M;L;XL,"Luxurious Tencel fabric For Unbeatable Comfort.;Versatile Fashion For Any Occasion.;Round Neck, Oversize and Comfortable Fit.;Durable Quality For Seasons of Wear.;3 Sizes AvailableM - L - XL.;Color: Pastel Blue;Dip-wash or Machine Wash is preferred.;Home Delivery All Over Nepal | Cash On Delivery",https://tntstore.online/product/oversized-t-shirt-or-ultra-cool-or-pastel-blue-pgl
Heavy Wt Polo T-Shirt | Black,"1,100",N/A,N/A,https://cdn2.blanxer.com/uploads/65faa86cdc9b7600587d6a32/product_image-129-9054.webp,Black,S;M;L;XL;XXL,"300 GSM Glander Pique Cotton Fabric;Half sleeved Tshirt;Anti Color Fade;Lint Proof;3 Sizes AvailableM, L & XL;Dip-wash or Machine Wash is preferred;Home Delivery All Over Nepal | Cash On Delivery",https://tntstore.online/product/heavy-wt-polo-t-shirt-or-black
Heavy Wt Polo T-Shirt | Orange,"1,100",N/A,N/A,https://cdn2.blanxer.com/uploads/65faa86cdc9b7600587d6a32/product_image-126-4185.webp,Orange,S;M;L;XL;XXL,"300 GSM Glander Pique Cotton Fabric;Half sleeved Tshirt;Anti Color Fade;Lint Proof;3 Sizes AvailableM, L & XL;Dip-wash or Machine Wash is preferred;Home Delivery All Over Nepal | Cash On Delivery",https://tntstore.online/product/heavy-wt-polo-t-shirt-or-orange
Winter Sweats | Pink,"2,200","2,400",8% off,https://cdn2.blanxer.com/uploads/65faa86cdc9b7600587d6a32/product_image-pink-7086.webp,Pink,M;L;XL,"Fabric: Velvet Fleece, Fleece inside;Fits Oversized;Perfect for layering;Keeps warm at all times;Bold printed logo;Sizes: M, L & XL;Dip-wash or Machine Wash is preferred;Home Delivery All Over Nepal | Cash On Delivery",https://tntstore.online/product/winter-sweats-or-pink
Winter Sweats | White | Regular fit,"2,200","2,400",8% off,https://cdn2.blanxer.com/uploads/65faa86cdc9b7600587d6a32/product_image-9-6922.webp,White,L;XL;XXL,"Fabric: Velvet Fleece, Fleece inside;Available in Regular Fit;Perfect for layering;Keeps warm at all times;Bold printed logo;Sizes: M, L & XL;Dip-wash or Machine Wash is preferred;Home Delivery All Over Nepal | Cash On Delivery",https://tntstore.online/product/winter-sweats-or-white-or-regular-fit
Half Zipper | Melange Grey and Charcoal,"2,500",N/A,N/A,https://cdn2.blanxer.com/uploads/65faa86cdc9b7600587d6a32/product_image-58-7443.webp,Melange grey and charcoal,M;L;XL;XXL,"Luxurious Velvet Fleece For Unbeatable Comfort.;Versatile Fashion For Any Occasion.;Flattering, Comfortable Fit.;Functional Quarter-Zip Design.;Durable Quality For Seasons of Wear.;4 Sizes AvailableM - L - XL - XXL.;Stylish contrast:Melange Grey Body, Charcoal Sleeves.;Dip-wash or Machine Wash is preferred.;Home Delivery All Over Nepal | Cash On Delivery",https://tntstore.online/product/half-zipper-or-turtle-neck-or-melange-grey-and-charcoal
Tank Top | Ultra-cool | Black,750,N/A,N/A,https://cdn2.blanxer.com/uploads/65faa86cdc9b7600587d6a32/product_image-tank-top-black-the-northern-trail-7252.webp,Black,M;L;XL,Luxurious Tencel fabric For Unbeatable Comfort.;Versatile Fashion For Any Occasion.;Sleeveless and Comfortable Fit.;Durable Quality for Seasons of Wear.;3 Sizes AvailableM - L - XL.;Color: Black;Dip-wash or Machine Wash is preferred.;Home Delivery All Over Nepal | Cash On Delivery,https://tntstore.online/product/tank-top-or-ultra-cool-or-black
Heavy Wt Polo Tshirt | Grey,"1,100",N/A,N/A,https://cdn2.blanxer.com/uploads/65faa86cdc9b7600587d6a32/product_image-125-1465.webp,Grey,M;L;XL,"300 GSM Glander Pique Cotton Fabric;Half sleeved Tshirt;Anti Color Fade;Lint Proof;3 Sizes AvailableM, L & XL;Dip-wash or Machine Wash is preferred;Home Delivery All Over Nepal | Cash On Delivery",https://tntstore.online/product/heavy-wt-polo-tshirt-or-grey
Summer Sweats | Olive Green,"1,500",N/A,N/A,https://cdn2.blanxer.com/uploads/65faa86cdc9b7600587d6a32/product_image-olive-green-4710.webp,Olive Green,S;M;L;XL;XXL,"Stay cool and dry in our breathable Lycra cotton terry fabric, perfect for hot summer days.;Versatile for lounging, workouts, or daily outings, our sweats effortlessly suits any occasion.;Sweats are built tough for lasting wear, wash after wash.;Sleek and modern, our sweats effortlessly elevate your summer style. Pair with joggers, trousers, or jeans for a laid-back, fashionable look.;5 Sizes Available;S - M - L - XL - XXL;Color : Olive green;Dip-wash or Machine Wash is preferred;Home Delivery All Over Nepal | Cash On Delivery",https://tntstore.online/product/summer-sweats-or-olive-green
Regular Blank T-shirt  | White,850,N/A,N/A,https://cdn2.blanxer.com/uploads/65faa86cdc9b7600587d6a32/product_image-116-2721.webp,White,M;L;XL;XXL,Bio-washed Quality Cotton T-Shirt ( 200 GSM );Half Sleeves T-shirt;Round Neck with Lycra Rib;Anti Color Fade;Lint Proof;6 Sizes AvailableXS - S - M - L - XL - XXL;Color : White;Dip-wash or Machine Wash is preferred;Home Delivery All Over Nepal | Cash On Delivery,https://tntstore.online/product/regular-blank-t-shirt-or-white
Jacquard Shirt | Muted Olive,"1,700",N/A,N/A,https://cdn2.blanxer.com/uploads/65faa86cdc9b7600587d6a32/product_image-134-4092.webp,Muted Olive,M;L;XL;XXL,"Premium 290 GSM cotton Jacquard;Revered Collars;Tonal Buttons;Relaxed fit and soft material;Casual Unisex wear;Available in 4 sizes;M, L, XL & XXL;Dip-wash or Machine Wash is preferred;Home Delivery All Over Nepal | Cash On Delivery",https://tntstore.online/product/jacquard-shirt-or-muted-olive
Turtleneck | Black,"2,500",N/A,N/A,https://cdn2.blanxer.com/uploads/65faa86cdc9b7600587d6a32/product_image-72-0095.webp,Black,M;L;XL;XXL,Luxurious anti pilling fabric for unbeatable comfort.;Versatile fashion for any occasion.;Comfortable fit.;Durable quality for seasons of wear.;4 Sizes Available;M - L - XL-XXL.;Dip-wash or Machine Wash is preferred.;Home Delivery All Over Nepal | Cash On Delivery,https://tntstore.online/product/turtleneck-or-black
Cardigan | White,"2,500","2,600",4% off,https://cdn2.blanxer.com/uploads/65faa86cdc9b7600587d6a32/product_image-fufnfnffufnnuf-1386.webp,White,S;M;L;XL,"Premium Waffle Fabric;Unisex Outerwear;Sewn on Patch pocket;Color Matching Buttons;Relaxed fit and soft material, suitable for casual or semi-formal wear;Available in 4 sizes;S, M, L & XL;Dip-wash or Machine Wash is preferred;Home Delivery All Over Nepal | Cash On Deliver",https://tntstore.online/product/cardigan-or-white
Plain Hoodie | Brown,"2,800","3,000",7% off,https://cdn2.blanxer.com/uploads/65faa86cdc9b7600587d6a32/product_image-43-6070.webp,Brown,M;L;XL,"Velvet fleece fabric,;350 GSM fabric,;Double layered hood,;Kangaroo pockets,;DTF Logo in the front,;Durable quality for seasons of wear,;3 Sizes available,;M, L & XL;Dip-wash or Machine Wash is preferred;Home Delivery All Over Nepal | Cash On Delivery",https://tntstore.online/product/plain-hoodie-or-brown
Light Wt Polo T-Shirt | White,"1,000","1,100",9% off,https://cdn2.blanxer.com/uploads/65faa86cdc9b7600587d6a32/product_image-69-2454.webp,White,S;M;L;XL;XXL,Micro Pique Polyester;High Quality Polo Shirts;Half Sleeves T-shirt;Lint Proof;Sizes Available S - M - L - XL - XXL;Color : White;Hand Wash is preferred;Home Delivery All Over Nepal | Cash On Delivery,https://tntstore.online/product/light-wt-polo-t-shirt-or-white
Summer Sweats | Cream,"1,500",N/A,N/A,https://cdn2.blanxer.com/uploads/65faa86cdc9b7600587d6a32/product_image-cream-4668.webp,Cream,S;M;L;XL;XXL,"Stay cool and dry in our breathable Lycra cotton terry fabric, perfect for hot summer days.;Versatile for lounging, workouts, or daily outings, our sweats effortlessly suits any occasion.;Sweats are built tough for lasting wear, wash after wash.;Sleek and modern, our sweats effortlessly elevate your summer style. Pair with joggers, trousers, or jeans for a laid-back, fashionable look.;5 Sizes Available;S - M - L - XL - XXL;Color : Cream;Dip-wash or Machine Wash is preferred;Home Delivery All Over Nepal | Cash On Delivery",https://tntstore.online/product/summer-sweats-or-cream
Shadow Trousers | Obsidian,"1,000",N/A,N/A,https://cdn2.blanxer.com/uploads/65faa86cdc9b7600587d6a32/product_image-114-3419.webp,Obsidian,M;L;XL,"Made with 150 GSM polyfiber Roma;Unique Texture and Feel;Ideal for Lounging and Gym wear;Unisex Design;Available in 3 sizes;M, L & XL;Dip wash or Machine Wash is preferred;Home Delivery All Over Nepal | Cash On Delivery",https://tntstore.online/product/shadow-trousers-or-obsidian
Turtleneck | Pink,"2,500",N/A,N/A,https://cdn2.blanxer.com/uploads/65faa86cdc9b7600587d6a32/product_image-75-7745.webp,Pink,M;L;XL;XXL,Luxurious anti pilling fabric for unbeatable comfort.;Versatile fashion for any occasion.;Comfortable fit.;Durable quality for seasons of wear.;4 Sizes Available;M - L - XL-XXL.;Dip-wash or Machine Wash is preferred.;Home Delivery All Over Nepal | Cash On Delivery,https://tntstore.online/product/turtleneck-or-pink
Cargo Joggers | Black,"2,400",N/A,8% off,https://cdn2.blanxer.com/uploads/65faa86cdc9b7600587d6a32/product_image-55-8795.webp,Black,M;L;XL,"Cargo pants Design;2 leg, 2 back, and 2 side pockets;Loose fit;Fleece-lined interior;Unisex design;Available in 3 sizes;M, L & XL;Dip-wash or Machine Wash is preferred;Home Delivery All Over Nepal | Cash On Delivery",https://tntstore.online/product/cargo-joggers-or-black
Cardigan | Grey,"2,500",N/A,4% off,https://cdn2.blanxer.com/uploads/65faa86cdc9b7600587d6a32/product_image-47-9540.webp,Grey,S;M;L;XL,"Premium Waffle Fabric;Unisex Outerwear;Sewn on Patch pocket;Color Matching Buttons;Relaxed fit and soft material, suitable for casual or semi-formal wear;Available in 3 sizes;S, M, L & XL;Dip-wash or Machine Wash is preferred;Home Delivery All Over Nepal | Cash On Deliver",https://tntstore.online/product/cardigan-or-grey
Regular Blank T-shirt  | Baby Pink,850,N/A,N/A,https://cdn2.blanxer.com/uploads/65faa86cdc9b7600587d6a32/product_image-111-4394.webp,Baby Pink,M;L;XL;XXL,Bio-washed High Quality Cotton T-Shirt ( 200 GSM );Half Sleeves T-shirt;Round Neck with Lycra Rib;Anti Color Fade;Lint Proof;6 Sizes AvailableXS - S - M - L - XL - XXL;Color : Baby Pink;Dip-wash or Machine Wash is preferred;Home Delivery All Over Nepal | Cash On Delivery,https://tntstore.online/product/regular-blank-t-shirt-or-baby-pink
Regular Blank T-shirt  | Red,850,N/A,N/A,https://cdn2.blanxer.com/uploads/65faa86cdc9b7600587d6a32/product_image-114-0079.webp,Red,M;L;XL;XXL,Bio-washed High Quality Cotton T-Shirt ( 200 GSM );Half Sleeves T-shirt;Round Neck with Lycra Rib;Anti Color Fade;Lint Proof;6 Sizes AvailableXS - S - M - L - XL - XXL;Color : Red;Dip-wash or Machine Wash is preferred;Home Delivery All Over Nepal | Cash On Delivery,https://tntstore.online/product/regular-blank-t-shirt-or-red
Summer Shorts (New) | Brown,"1,400",N/A,N/A,https://cdn2.blanxer.com/uploads/65faa86cdc9b7600587d6a32/product_image-105-3248.webp,Brown,M;L;XL,"Breathable and soft material to keep you cool in summer heat,;Adjustable drawstring for a customized and comfortable fit,;Timeless mid-thigh length design for a relaxed fit and casual look,;Pocket with zipper,;3 Sizes Available;M - L - XL;Dip-wash or Machine Wash is preferred;Home Delivery All Over Nepal | Cash On Delivery",https://tntstore.online/product/summer-shorts-(new)-or-brown
Heavy Wt Polo T-Shirt | Maroon,"1,100",N/A,N/A,https://cdn2.blanxer.com/uploads/65faa86cdc9b7600587d6a32/product_image-127-9316.webp,Maroon,S;M;L;XL;XXL,"300 GSM Glander Pique Cotton Fabric;Half sleeved Tshirt;Anti Color Fade;Lint Proof;3 Sizes AvailableM, L & XL;Dip-wash or Machine Wash is preferred;Home Delivery All Over Nepal | Cash On Delivery",https://tntstore.online/product/heavy-wt-polo-t-shirt-or-maroon
Sport T-shirt | Sleeveless | Mint,800,N/A,N/A,https://cdn2.blanxer.com/uploads/65faa86cdc9b7600587d6a32/product_image-151-6152.webp,Mint,S;M;L;XL;XXL,"Stay cool, dry, and comfortable with our Sleeveless sport T-shirt.;Stay fresh with moisture-wicking fabric.;Move freely with breathable, stretchy material.;5 Sizes Available;S - M - L - XL- XXL;Color : Mint;Dip-wash or Machine Wash is preferred.;Home Delivery All Over Nepal |Cash On Delivery",https://tntstore.online/product/sport-t-shirt-or-sleeveless-or-mint
Heritage Varsity | Mocha,"3,000",N/A,N/A,https://cdn2.blanxer.com/uploads/65faa86cdc9b7600587d6a32/product_image-114-3457.webp,Mocha,M;L;XL,"320 GSM Corded Velveteen;Snap button closure;Ribbed trims for a timeless look;Relaxed fit with Premium Materials;Casual Unisex wear;Available in 3 sizes;M, L & XL;Dip-wash or Machine Wash is preferred;Home Delivery All Over Nepal | Cash On Delivery",https://tntstore.online/product/heritage-varsity-or-mocha
Jacquard Shirt | Blue,"1,700",N/A,N/A,https://cdn2.blanxer.com/uploads/65faa86cdc9b7600587d6a32/product_image-130-5098.webp,Blue,M;L;XL;XXL,"Premium 290 GSM cotton Jacquard;Revered Collars;Tonal Buttons;Relaxed fit and soft material;Casual Unisex wear;Available in 4 sizes;M, L, XL & XXL;Dip-wash or Machine Wash is preferred;Home Delivery All Over Nepal | Cash On Delivery",https://tntstore.online/product/jacquard-shirt-or-blue
Regular Blank T-shirt  | Grey,850,N/A,N/A,https://cdn2.blanxer.com/uploads/65faa86cdc9b7600587d6a32/product_image-115-9533.webp,Melange Grey,M;L;XL;XXL,Bio-washed High Quality Cotton T-Shirt ( 200 GSM );Half Sleeves T-shirt;Round Neck with Lycra Rib;Anti Color Fade;Lint Proof;6 Sizes AvailableXS - S - M - L - XL - XXL;Color : Grey;Dip-wash or Machine Wash is preferred;Home Delivery All Over Nepal | Cash On Delivery,https://tntstore.online/product/regular-blank-t-shirt-orgrey
Summer Shorts (New) | Black,"1,400",N/A,N/A,https://cdn2.blanxer.com/uploads/65faa86cdc9b7600587d6a32/product_image-103-6575.webp,Black,M;L;XL,"Breathable and soft material to keep you cool in summer heat,;Adjustable drawstring for a customized and comfortable fit,;Timeless mid-thigh length design for a relaxed fit and casual look,;Pocket with zipper,;3 Sizes Available;M - L - XL;Dip-wash or Machine Wash is preferred;Home Delivery All Over Nepal | Cash On Delivery",https://tntstore.online/product/summer-shorts-(new)-or-black
Half Zipper | Melange Grey and Pink,"2,500",N/A,N/A,https://cdn2.blanxer.com/uploads/65faa86cdc9b7600587d6a32/product_image-60-2641.webp,Melange grey and pink,M;L;XL;XXL,"Luxurious Velvet Fleece For Unbeatable Comfort.;Versatile Fashion For Any Occasion.;Flattering, Comfortable Fit.;Functional Quarter-Zip Design.;Durable Quality For Seasons of Wear.;4 Sizes AvailableM - L - XL - XXL.;Stylish contrast:Melange Grey Body, Pink Sleeves.;Dip-wash or Machine Wash is preferred.;Home Delivery All Over Nepal | Cash On Delivery",https://tntstore.online/product/half-zipper-or-turtle-neck-or-melange-grey-and-pink
Summer Sweats | Coffee Brown,"1,500",N/A,N/A,https://cdn2.blanxer.com/uploads/65faa86cdc9b7600587d6a32/product_image-coffee-brown-2854.webp,Coffee Brown,S;M;L;XL;XXL,"Stay cool and dry in our breathable Lycra cotton terry fabric, perfect for hot summer days.;Versatile for lounging, workouts, or daily outings, our sweats effortlessly suits any occasion.;Sweats are built tough for lasting wear, wash after wash.;Sleek and modern, our sweats effortlessly elevate your summer style. Pair with joggers, trousers, or jeans for a laid-back, fashionable look.;5 Sizes Available;S - M - L - XL - XXL;Color : Coffee Brown;Dip-wash or Machine Wash is preferred;Home Delivery All Over Nepal | Cash On Delivery",https://tntstore.online/product/summer-sweats-or-coffee-brown
Half Zipper | White and Olive Green,"2,500",N/A,N/A,https://cdn2.blanxer.com/uploads/65faa86cdc9b7600587d6a32/product_image-62-9104.webp,White and Olive Green,M;L;XL;XXL,"Luxurious Velvet Fleece For Unbeatable Comfort.;Versatile Fashion For Any Occasion.;Flattering, Comfortable Fit.;Functional Quarter-Zip Design.;Durable Quality For Seasons of Wear.;4 Sizes AvailableM - L - XL - XXL.;Stylish contrast:White Body, Olive Green Sleeves.;Dip-wash or Machine Wash is preferred.;Home Delivery All Over Nepal | Cash On Delivery",https://tntstore.online/product/half-zipper-or-turtle-neck-or-white-and-olive-green
Winter Sweats | Mint,"2,200","2,400",8% off,https://cdn2.blanxer.com/uploads/65faa86cdc9b7600587d6a32/product_image-mint-9852.webp,Mint,M;L;XL,"Fabric: Velvet Fleece, Fleece inside;Fits Oversized;Perfect for layering;Keeps warm at all times;Bold printed logo;Sizes: M, L & XL;Dip-wash or Machine Wash is preferred;Home Delivery All Over Nepal | Cash On Delivery",https://tntstore.online/product/winter-sweats-or-mint
Cardigan | Light Brown,"2,500",N/A,4% off,https://cdn2.blanxer.com/uploads/65faa86cdc9b7600587d6a32/product_image-45-5538.webp,Light Brown,S;M;L;XL,"Premium Waffle Fabric;Unisex Outerwear;Sewn on Patch pocket;Color Matching Buttons;Relaxed fit and soft material, suitable for casual or semi-formal wear;Available in 4 sizes;S, M, L & XL;Dip-wash or Machine Wash is preferred;Home Delivery All Over Nepal | Cash On Deliver",https://tntstore.online/product/cardigan-or-light-brown
Oversized T-shirt | Ultra-cool | Black,"1,000",N/A,N/A,https://cdn2.blanxer.com/bulk/65faa86cdc9b7600587d6a32/ultracool_edition_or_the_northern_trail/65fbd7fadc9b760058809695.webp,Black,M;L;XL,"Luxurious Tencel fabric For Unbeatable Comfort.;Versatile Fashion For Any Occasion.;Round Neck, Oversize and Comfortable Fit.;Durable Quality For Seasons of Wear.;3 Sizes AvailableM - L - XL.;Color: Black;Dip-wash or Machine Wash is preferred.;Home Delivery All Over Nepal | Cash On Delivery",https://tntstore.online/product/oversized-t-shirt-or-ultra-cool-or-black-4cq
Sport T-shirt | Sleeveless | Black,800,N/A,N/A,https://cdn2.blanxer.com/uploads/65faa86cdc9b7600587d6a32/product_image-152-4732.webp,Black,S;M;L;XL;XXL,"Stay cool, dry, and comfortable with our Sleeveless sport T-shirt.;Stay fresh with moisture-wicking fabric.;Move freely with breathable, stretchy material.;5 Sizes Available;S - M - L - XL- XXL;Color : Black;Dip-wash or Machine Wash is preferred.;Home Delivery All Over Nepal |Cash On Delivery",https://tntstore.online/product/sport-t-shirt-or-sleeveless-or-black
Oversized T-shirt | Ultra-cool | Beige,"1,000",N/A,N/A,https://cdn2.blanxer.com/uploads/65faa86cdc9b7600587d6a32/product_image-beige-4901.webp,Beige,M;L;XL,"Luxurious Tencel fabric For Unbeatable Comfort.;Versatile Fashion For Any Occasion.;Round Neck, Oversize and Comfortable Fit.;Durable Quality For Seasons of Wear.;3 Sizes AvailableM - L - XL.;Color: Beige;Dip-wash or Machine Wash is preferred.;Home Delivery All Over Nepal | Cash On Delivery",https://tntstore.online/product/oversized-t-shirt-or-ultra-cool-or-beige
Light Wt Polo T-Shirt | Beige,"1,000","1,100",9% off,https://cdn2.blanxer.com/uploads/65faa86cdc9b7600587d6a32/product_image-73-0832.webp,Beige,S;M;L;XL;XXL,Micro Pique Polyester;High Quality Polo Shirts;Half Sleeves T-shirt;Lint Proof;5 Sizes Available S - M - L - XL - XXL;Color : Beige;Hand Wash is preferred;Home Delivery All Over Nepal |Cash On Delivery,https://tntstore.online/product/light-wt-polo-t-shirt-or-beige
Turtleneck | Forest Green,"2,500",N/A,N/A,https://cdn2.blanxer.com/uploads/65faa86cdc9b7600587d6a32/product_image-73-9744.webp,Forest Green,M;L;XL,Luxurious anti pilling fabric for unbeatable comfort.;Versatile fashion for any occasion.;Comfortable fit.;Durable quality for seasons of wear.;3 Sizes Available;M - L - XL.;Dip-wash or Machine Wash is preferred.;Home Delivery All Over Nepal | Cash On Delivery,https://tntstore.online/product/turtleneck-or-forest-green
Heavy Wt Polo Tshirt | Royal Blue,"1,100",N/A,N/A,https://cdn2.blanxer.com/uploads/65faa86cdc9b7600587d6a32/product_image-124-8398.webp,Royal Blue,M;L;XL,"300 GSM Glander Pique Cotton Fabric;Half sleeved Tshirt;Anti Color Fade;Lint Proof;3 Sizes AvailableM, L & XL;Dip-wash or Machine Wash is preferred;Home Delivery All Over Nepal | Cash On Delivery",https://tntstore.online/product/heavy-wt-polo-tshirt-or-royal-blue
Summer Shorts | Beige,800,"1,400",43% off,https://cdn2.blanxer.com/uploads/65faa86cdc9b7600587d6a32/product_image-112-4998.webp,Beige,M;L;XL,"Breathable and soft material keeps you cool in summer heat.;Perfect for various activities like lounging, running errands, or casual outings.;Adjustable drawstring for a customized and comfortable fit.;Timeless mid-thigh length design for a relaxed and casual look.;3 Sizes Available;M - L - XL;Color : Beige;Dip-wash or Machine Wash is preferred;Home Delivery All Over Nepal | Cash On Delivery",https://tntstore.online/product/summer-shorts-or-beige
Regular Blank T-shirt  | Black,850,N/A,N/A,https://cdn2.blanxer.com/uploads/65faa86cdc9b7600587d6a32/product_image-113-2716.webp,Black,M;L;XL;XXL,Bio-washed High Quality Cotton T-Shirt ( 200 GSM );Half Sleeves T-shirt;Round Neck with Lycra Rib;Anti Color Fade;Lint Proof;6 Sizes AvailableXS - S - M - L - XL - XXL;Color : Black;Dip-wash or Machine Wash is preferred;Home Delivery All Over Nepal | Cash On Delivery,https://tntstore.online/product/regular-blank-t-shirt-or-black
Winter Sweats | Melange Grey,"2,200","2,400",8% off,https://cdn2.blanxer.com/uploads/65faa86cdc9b7600587d6a32/product_image-grey-2606.webp,Melange Grey,M;L;XL,"Fabric: Velvet Fleece, Fleece inside;Fits Oversized;Perfect for layering;Keeps warm at all times;Bold printed logo;Sizes: M, L & XL;Dip-wash or Machine Wash is preferred;Home Delivery All Over Nepal | Cash On Delivery",https://tntstore.online/product/winter-sweats-or-melange-grey
Winter Sweats | White,"2,200","2,400",8% off,https://cdn2.blanxer.com/uploads/65faa86cdc9b7600587d6a32/product_image-white-5057.webp,White,M;L;XL,"Fabric: Velvet Fleece, Fleece inside;Available in both Oversized Fit;Perfect for layering;Keeps warm at all times;Bold printed logo;Sizes: M, L & XL;Dip-wash or Machine Wash is preferred;Home Delivery All Over Nepal | Cash On Delivery",https://tntstore.online/product/winter-sweats-or-white
Shadow Trouser | Charcoal,"1,000",N/A,N/A,https://cdn2.blanxer.com/uploads/65faa86cdc9b7600587d6a32/product_image-116-9220.webp,Charcoal,M;L;XL,"Made with 150 GSM polyfiber Roma;Unique Texture and Feel;Ideal for Lounging and Gym wear;Unisex Design;Available in 3 sizes;M, L & XL;Dip wash or Machine Wash is preferred;Home Delivery All Over Nepal | Cash On Delivery",https://tntstore.online/product/shadow-trouser-or-charcoal
Tank Top | Ultra-cool | Beige,750,N/A,N/A,https://cdn2.blanxer.com/uploads/65faa86cdc9b7600587d6a32/product_image-tank-top-off-white-the-northern-trail-5288.webp,Beige,M;L;XL,Luxurious Tencel fabric For Unbeatable Comfort.;Versatile Fashion For Any Occasion.;Sleeveless and Comfortable Fit.;Durable Quality for Seasons of Wear.;3 Sizes AvailableM - L - XL.;Color: Beige;Dip-wash or Machine Wash is preferred.;Home Delivery All Over Nepal | Cash On Delivery,https://tntstore.online/product/tank-top-or-ultra-cool-or-off-white
Half Zipper | Beige and Sky Blue,"2,500",N/A,N/A,https://cdn2.blanxer.com/uploads/65faa86cdc9b7600587d6a32/product_image-61-4554.webp,Beige and sky blue,M;L;XL;XXL,"Luxurious Velvet Fleece For Unbeatable Comfort.;Versatile Fashion For Any Occasion.;Flattering, Comfortable Fit.;Functional Quarter-Zip Design.;Durable Quality For Seasons of Wear.;4 Sizes AvailableM - L - XL - XXL.;Stylish contrast:Beige Body, Sky Blue Sleeves.;Dip-wash or Machine Wash is preferred.;Home Delivery All Over Nepal | Cash On Delivery",https://tntstore.online/product/half-zipper-or-turtle-neck-or-beige-and-sky-blue
Plain Hoodie | Black,"2,800","3,000",7% off,https://cdn2.blanxer.com/uploads/65faa86cdc9b7600587d6a32/product_image-45-3656.webp,Black,M;L;XL,"Velvet fleece fabric,;350 GSM fabric,;Double layered hood,;Kangaroo pockets,;DTF Logo in the front,;Durable quality for seasons of wear,;3 Sizes available,;M, L & XL;Dip-wash or Machine Wash is preferred;Home Delivery All Over Nepal | Cash On Delivery",https://tntstore.online/product/plain-hoodie-or-black
Turtleneck | White,"2,500",N/A,N/A,https://cdn2.blanxer.com/uploads/65faa86cdc9b7600587d6a32/product_image-76-0147.webp,White,M;L;XL,Luxurious anti pilling fabric for unbeatable comfort.;Versatile fashion for any occasion.;Comfortable fit.;Durable quality for seasons of wear.;3 Sizes Available;M - L - XL.;Dip-wash or Machine Wash is preferred.;Home Delivery All Over Nepal | Cash On Delivery,https://tntstore.online/product/turtleneck-or-white
Shadow Trouser | Slate,"1,000",N/A,N/A,https://cdn2.blanxer.com/uploads/65faa86cdc9b7600587d6a32/product_image-117-1694.webp,Slate,M;L;XL,"Made with 150 GSM polyfiber Roma;Unique Texture and Feel;Ideal for Lounging and Gym wear;Unisex Design;Available in 3 sizes;M, L & XL;Dip wash or Machine Wash is preferred;Home Delivery All Over Nepal | Cash On Delivery",https://tntstore.online/product/shadow-trouser-or-slate
Cargo Joggers | Dark Grey,"2,400",N/A,8% off,https://cdn2.blanxer.com/uploads/65faa86cdc9b7600587d6a32/product_image-54-9521.webp,Dark Grey,M;L;XL,"Cargo pants Design;2 leg, 2 back, and 2 side pockets;Loose fit;Fleece-lined interior;Unisex design;Available in 3 sizes;M, L & XL;Dip-wash or Machine Wash is preferred;Home Delivery All Over Nepal | Cash On Delivery",https://tntstore.online/product/cargo-joggers-or-dark-grey
Light Wt Polo T-Shirt | Olive Green,"1,000","1,100",9% off,https://cdn2.blanxer.com/uploads/65faa86cdc9b7600587d6a32/product_image-polo-t-shirt-green-jeans-the-northern-trail-1995.webp,Olive Green,M;L;XL;XXL,Micro Pique Polyester;High Quality Polo Shirts;Half Sleeves T-shirt;Lint Proof;Sizes Available M - L - XL - XXL;Color : Olive Green;Hand Wash is preferred;Home Delivery All Over Nepal |Cash On Delivery,https://tntstore.online/product/light-wt-polo-t-shirt-or-olive-green
Plain Hoodie | Forest Green,"2,800","3,000",7% off,https://cdn2.blanxer.com/uploads/65faa86cdc9b7600587d6a32/product_image-46-7727.webp,Forest Green,M;L;XL,"Velvet fleece fabric,;350 GSM fabric,;Double layered hood,;Kangaroo pockets,;DTF Logo in the front,;Durable quality for seasons of wear,;3 Sizes available,;M, L & XL;Dip-wash or Machine Wash is preferred;Home Delivery All Over Nepal | Cash On Delivery",https://tntstore.online/product/plain-hoodie-or-forest-green
Summer Shorts (New) | Off White,"1,400",N/A,N/A,https://cdn2.blanxer.com/uploads/65faa86cdc9b7600587d6a32/product_image-107-3907.webp,Off White,M;L;XL,"Breathable and soft material to keep you cool in summer heat,;Adjustable drawstring for a customized and comfortable fit,;Timeless mid-thigh length design for a relaxed fit and casual look,;Pocket with zipper,;3 Sizes Available;M - L - XL;Dip-wash or Machine Wash is preferred;Home Delivery All Over Nepal | Cash On Delivery",https://tntstore.online/product/summer-shorts-(new)-or-off-white
Heritage Varsity | Onyx,"3,000",N/A,N/A,https://cdn2.blanxer.com/uploads/65faa86cdc9b7600587d6a32/product_image-113-4299.webp,Onyx,M;L;XL,"320 GSM Corded Velveteen;Snap button closure;Ribbed trims for a timeless look;Relaxed fit with Premium Materials;Casual Unisex wear;Available in 3 sizes;M, L & XL;Dip-wash or Machine Wash is preferred;Home Delivery All Over Nepal | Cash On Delivery",https://tntstore.online/product/heritage-varsity-or-onyx
Turtleneck | Beige,"2,500",N/A,N/A,https://cdn2.blanxer.com/uploads/65faa86cdc9b7600587d6a32/product_image-77-9520.webp,Beige,M;L;XL,Luxurious anti pilling fabric for unbeatable comfort.;Versatile fashion for any occasion.;Comfortable fit.;Durable quality for seasons of wear.;3 Sizes Available;M - L - XL.;Dip-wash or Machine Wash is preferred.;Home Delivery All Over Nepal | Cash On Delivery,https://tntstore.online/product/turtleneck-or-beige
Jacquard Shirt | Off White,"1,700",N/A,N/A,https://cdn2.blanxer.com/uploads/65faa86cdc9b7600587d6a32/product_image-131-2331.webp,Off White,M;L;XL;XXL,"Premium 290 GSM cotton Jacquard;Revered Collars;Tonal Buttons;Relaxed fit and soft material;Casual Unisex wear;Available in 4 sizes;M, L, XL & XXL;Dip-wash or Machine Wash is preferred;Home Delivery All Over Nepal | Cash On Delivery",https://tntstore.online/product/jacquard-shirt-or-off-white
Turtleneck | Navy,"2,500",N/A,N/A,https://cdn2.blanxer.com/uploads/65faa86cdc9b7600587d6a32/product_image-74-0401.webp,Navy,M;L;XL;XXL,Luxurious anti pilling fabric for unbeatable comfort.;Versatile fashion for any occasion.;Comfortable fit.;Durable quality for seasons of wear.;4 Sizes Available;M - L - XL-XXL.;Dip-wash or Machine Wash is preferred.;Home Delivery All Over Nepal | Cash On Delivery,https://tntstore.online/product/turtleneck-or-navy
Cargo Joggers | Grey,"2,400",N/A,8% off,https://cdn2.blanxer.com/uploads/65faa86cdc9b7600587d6a32/product_image-56-5079.webp,Grey,M;L;XL,"Cargo pants Design;2 leg, 2 back, and 2 side pockets;Loose fit;Fleece-lined interior;Unisex design;Available in 3 sizes;M, L & XL;Dip-wash or Machine Wash is preferred;Home Delivery All Over Nepal | Cash On Delivery",https://tntstore.online/product/cargo-joggers-or-grey
Light Wt Polo T-Shirt | Grey,"1,000","1,100",9% off,https://cdn2.blanxer.com/uploads/65faa86cdc9b7600587d6a32/product_image-74-1935.webp,Grey,S;M;L;XL;XXL,Micro Pique Polyester;High Quality Polo Shirts;Half Sleeves T-shirt;Lint Proof;5 Sizes Available S - M - L - XL - XXL;Color : Grey;Hand Wash is preferred;Home Delivery All Over Nepal |Cash On Delivery,https://tntstore.online/product/light-wt-polo-t-shirt-or-grey
Winter Sweats | Beige,"2,200","2,400",8% off,https://cdn2.blanxer.com/uploads/65faa86cdc9b7600587d6a32/product_image-37-9446.webp,Beige,M;L;XL,"Fabric: Velvet Fleece, Fleece inside;Fits Oversized;Perfect for layering;Keeps warm at all times;Bold printed logo;Sizes: M, L & XL;Dip-wash or Machine Wash is preferred;Home Delivery All Over Nepal | Cash On Delivery",https://tntstore.online/product/winter-sweats-or-beige
Heavy Wt Polo T-Shirt | Red,"1,100",N/A,N/A,https://cdn2.blanxer.com/uploads/65faa86cdc9b7600587d6a32/product_image-128-9395.webp,Red,S;M;L;XL;XXL,"300 GSM Glander Pique Cotton Fabric;Half sleeved Tshirt;Anti Color Fade;Lint Proof;3 Sizes AvailableM, L & XL;Dip-wash or Machine Wash is preferred;Home Delivery All Over Nepal | Cash On Delivery",https://tntstore.online/product/heavy-wt-polo-t-shirt-or-red
Plain Hoodie | White,"2,800","3,000",7% off,https://cdn2.blanxer.com/uploads/65faa86cdc9b7600587d6a32/product_image-41-2659.webp,White,M;L;XL,"Velvet fleece fabric,;350 GSM fabric,;Double layered hood,;Kangaroo pockets,;DTF Logo in the front,;Durable quality for seasons of wear,;3 Sizes available,;M, L & XL;Dip-wash or Machine Wash is preferred;Home Delivery All Over Nepal | Cash On Delivery",https://tntstore.online/product/plain-hoodie-or-white
